Name,W,L,SV,G,GS,IP,K9,BB9,HR9,BABIP,LOB,GB,HRFB,ERA,FIP,xFIP,WAR,SwStr
Noah Syndergaard,14,9,0,31,30,183.2,10.68,2.11,0.54,0.334,0.77,0.51,0.09,2.6,2.29,2.67,6.4,0.14
Jose Fernandez,16,8,0,29,29,182.1,12.49,2.71,0.64,0.332,0.77,0.4,0.1,2.86,2.3,2.56,6.2,0.14
Johnny Cueto,18,5,0,32,32,219.2,8.11,1.84,0.61,0.293,0.78,0.5,0.08,2.79,2.96,3.42,5.5,0.09
Kyle Hendricks,16,8,0,31,30,190,8.05,2.08,0.71,0.25,0.82,0.48,0.09,2.13,3.2,3.59,4.5,0.1
Madison Bumgarner,15,9,0,34,34,226.2,9.97,2.14,1.03,0.265,0.79,0.4,0.11,2.74,3.24,3.54,4.9,0.12
Max Scherzer,20,7,0,34,34,228.1,11.19,2.21,1.22,0.255,0.82,0.33,0.12,2.96,3.24,3.37,5.6,0.15
Corey Kluber,18,9,0,32,32,215,9.5,2.39,0.92,0.271,0.75,0.45,0.11,3.14,3.26,3.5,5.1,0.13
Rick Porcello,22,4,0,33,33,223,7.63,1.29,0.93,0.269,0.74,0.43,0.09,3.15,3.4,3.89,5.1,0.08
Jon Lester,19,5,0,32,32,202.2,8.75,2.31,0.93,0.256,0.85,0.47,0.12,2.44,3.41,3.47,4.4,0.1
Chris Sale,17,10,0,32,32,226.2,9.25,1.79,1.07,0.279,0.77,0.41,0.12,3.34,3.46,3.58,5.1,0.11
Justin Verlander,16,9,0,34,34,227.2,10.04,2.25,1.19,0.255,0.8,0.34,0.11,3.04,3.48,3.78,5.2,0.12
Masahiro Tanaka,14,4,0,31,31,199.2,7.44,1.62,0.99,0.271,0.76,0.48,0.12,3.07,3.51,3.61,4.6,0.11
Jake Arrieta,18,8,0,31,31,197.1,8.67,3.47,0.73,0.241,0.75,0.53,0.11,3.1,3.52,3.68,3.8,0.11
Aaron Sanchez,15,2,0,30,30,192,7.55,2.95,0.7,0.267,0.77,0.54,0.11,3,3.55,3.75,3.9,0.08
Jose Quintana,13,12,0,32,32,208,7.83,2.16,0.95,0.293,0.79,0.4,0.1,3.2,3.56,4.03,4.7,0.08
Kenta Maeda,16,11,0,32,32,175.2,9.17,2.56,1.02,0.283,0.76,0.44,0.12,3.48,3.58,3.7,3.3,0.12
David Price,17,9,0,35,35,230,8.92,1.96,1.17,0.31,0.74,0.44,0.14,3.99,3.6,3.52,4.4,0.12
Jon Gray,10,10,0,29,29,168,9.91,3.16,0.96,0.308,0.66,0.44,0.13,4.61,3.6,3.61,3.6,0.12
Carlos Martinez,16,9,0,31,31,195.1,8.02,3.23,0.69,0.286,0.8,0.56,0.11,3.04,3.61,3.81,3.3,0.09
Julio Teheran,7,10,0,30,30,188,7.99,1.96,1.05,0.26,0.78,0.39,0.1,3.21,3.69,4.13,3.2,0.1
Marcus Stroman,9,10,0,32,32,204,7.32,2.38,0.93,0.308,0.69,0.6,0.17,4.37,3.71,3.41,3.6,0.09
Gio Gonzalez,11,11,0,32,32,177.1,8.68,2.99,0.96,0.316,0.68,0.48,0.13,4.57,3.76,3.8,2.8,0.09
Robbie Ray,8,15,0,32,32,174.1,11.25,3.67,1.24,0.352,0.69,0.46,0.16,4.9,3.76,3.45,3.1,0.12
Tanner Roark,16,10,0,34,33,210,7.37,3.13,0.73,0.269,0.8,0.49,0.09,2.83,3.79,4.17,3.2,0.09
Drew Pomeranz,11,12,0,31,30,170.2,9.81,3.43,1.16,0.268,0.8,0.46,0.14,3.32,3.8,3.71,2.9,0.11
Michael Pineda,6,12,0,32,32,175.2,10.61,2.72,1.38,0.339,0.71,0.46,0.17,4.82,3.8,3.3,3.2,0.14
John Lackey,11,8,0,29,29,188.1,8.6,2.53,1.1,0.255,0.76,0.41,0.13,3.35,3.81,3.8,3.1,0.12
Ervin Santana,7,11,0,30,30,181.1,7.4,2.63,0.94,0.285,0.74,0.43,0.1,3.38,3.81,4.21,3.2,0.1
Chris Archer,9,19,0,33,33,201.1,10.42,3,1.34,0.296,0.73,0.48,0.16,4.02,3.81,3.41,3.2,0.12
Danny Duffy,12,3,0,42,26,179.2,9.42,2.1,1.35,0.291,0.81,0.36,0.13,3.51,3.83,3.79,2.7,0.13
Mike Leake,9,12,0,30,30,176.2,6.37,1.53,1.02,0.318,0.66,0.54,0.14,4.69,3.83,3.76,2.5,0.07
Jeff Samardzija,12,11,0,32,32,203.1,7.39,2.39,1.06,0.285,0.74,0.47,0.12,3.81,3.85,3.96,2.7,0.09
Dallas Keuchel,9,12,0,26,26,168,7.71,2.57,1.07,0.304,0.68,0.57,0.16,4.55,3.87,3.53,2.7,0.1
Zach Davies,11,7,0,28,28,163.1,7.44,2.09,1.1,0.302,0.72,0.46,0.12,3.97,3.89,3.94,2.7,0.08
Adam Wainwright,13,9,0,33,33,198.2,7.29,2.67,1,0.33,0.7,0.44,0.12,4.62,3.93,4.06,2.9,0.08
Collin McHugh,13,10,0,33,33,184.2,8.63,2.63,1.22,0.338,0.75,0.41,0.12,4.34,3.95,4.09,3.1,0.11
J.A. Happ,20,4,0,32,32,195,7.52,2.77,1.02,0.268,0.8,0.43,0.11,3.18,3.96,4.18,3.2,0.1
Cole Hamels,15,5,0,32,32,200.2,8.97,3.45,1.08,0.299,0.79,0.5,0.14,3.32,3.98,3.85,3,0.12
Jeremy Hellickson,12,10,0,32,32,189,7.33,2.14,1.14,0.274,0.73,0.41,0.13,3.71,3.98,3.99,3.2,0.11
Bartolo Colon,15,8,0,34,33,191.2,6.01,1.5,1.13,0.291,0.77,0.43,0.12,3.43,3.99,4.17,2.9,0.06
Trevor Bauer,12,8,0,35,28,190,7.96,3.32,0.95,0.292,0.7,0.49,0.12,4.26,3.99,4.13,2.7,0.09
Carlos Rodon,9,10,0,28,28,165,9.16,2.95,1.25,0.33,0.76,0.44,0.14,4.04,4.01,3.89,2.6,0.1
Kevin Gausman,9,12,0,30,30,179.2,8.72,2.35,1.4,0.308,0.81,0.44,0.15,3.61,4.1,3.77,3,0.11
Ricky Nolasco,8,14,0,32,32,197.2,6.56,2,1.18,0.294,0.69,0.43,0.11,4.42,4.14,4.41,2.6,0.09
Marco Estrada,9,9,0,29,29,176,8.44,3.32,1.18,0.234,0.76,0.34,0.1,3.48,4.15,4.64,3,0.11
Matt Moore,13,12,0,33,33,198.1,8.08,3.27,1.13,0.285,0.75,0.38,0.1,4.08,4.17,4.56,2.3,0.1
Jerad Eickhoff,11,14,0,33,33,197.1,7.62,1.92,1.37,0.278,0.76,0.41,0.13,3.65,4.19,4.15,2.9,0.09
Chris Tillman,16,6,0,30,30,172,7.33,3.45,0.99,0.282,0.77,0.41,0.11,3.77,4.23,4.54,2.4,0.09
Chad Bettis,14,8,0,32,32,186,6.68,2.85,1.06,0.31,0.68,0.51,0.14,4.79,4.26,4.14,2.5,0.09
Hisashi Iwakuma,16,12,0,33,33,199,6.65,2.08,1.27,0.311,0.76,0.41,0.12,4.12,4.27,4.41,2.4,0.08
CC Sabathia,9,12,0,30,30,179.2,7.61,3.26,1.1,0.288,0.76,0.5,0.13,3.91,4.28,4.31,2.6,0.1
Jake Odorizzi,10,6,0,33,33,187.2,7.96,2.59,1.39,0.271,0.79,0.37,0.12,3.69,4.31,4.44,2.1,0.1
Kendall Graveman,10,11,0,31,31,186,5.23,2.27,1.06,0.289,0.74,0.52,0.13,4.11,4.39,4.38,1.7,0.07
Mike Fiers,11,8,0,31,30,168.2,7.15,2.24,1.39,0.313,0.74,0.42,0.15,4.48,4.43,4.12,1.8,0.09
Wade Miley,9,13,0,30,30,166,7.43,2.66,1.36,0.328,0.69,0.47,0.16,5.37,4.45,4.04,1.6,0.09
Jason Hammel,15,10,0,30,30,166.2,7.78,2.86,1.35,0.267,0.76,0.42,0.14,3.83,4.48,4.34,1.5,0.1
Jaime Garcia,10,13,0,32,30,171.2,7.86,2.99,1.36,0.305,0.72,0.57,0.2,4.67,4.49,3.77,1.2,0.09
Drew Smyly,7,12,0,30,30,175.1,8.57,2.52,1.64,0.291,0.68,0.31,0.13,4.88,4.49,4.51,2,0.11
Martin Perez,10,11,0,33,33,198.2,4.67,3.44,0.82,0.286,0.67,0.53,0.1,4.39,4.5,4.77,1.9,0.08
Edinson Volquez,10,11,0,34,34,189.1,6.61,3.61,1.09,0.319,0.66,0.51,0.13,5.37,4.57,4.58,1.4,0.09
Yordano Ventura,11,12,0,32,32,186,6.97,3.77,1.11,0.297,0.74,0.5,0.13,4.45,4.59,4.59,1.4,0.09
Tom Koehler,9,13,0,33,33,176.2,7.49,4.23,1.12,0.298,0.73,0.42,0.12,4.33,4.6,4.69,1.1,0.1
Ian Kennedy,11,11,0,33,33,195.2,8.46,3.04,1.52,0.268,0.83,0.33,0.13,3.68,4.67,4.67,1.6,0.1
Doug Fister,12,13,0,32,32,180.1,5.74,3.09,1.2,0.299,0.72,0.45,0.12,4.64,4.75,4.89,1.1,0.06
Dan Straily,14,8,0,34,31,191.1,7.62,3.43,1.46,0.239,0.81,0.32,0.12,3.76,4.88,5.02,1.1,0.1
Josh Tomlin,13,9,0,30,29,174,6.1,1.03,1.86,0.276,0.71,0.44,0.18,4.4,4.88,4.13,1,0.07
Francisco Liriano,8,13,0,31,29,163,9.28,4.69,1.44,0.296,0.71,0.52,0.19,4.69,4.89,4.23,0.5,0.11
R.A. Dickey,10,15,0,30,29,169.2,6.68,3.34,1.49,0.279,0.71,0.42,0.15,4.46,5.03,4.76,1,0.11
Jimmy Nelson,8,16,0,32,32,179.1,7.03,4.32,1.25,0.299,0.71,0.49,0.15,4.62,5.12,4.91,0.7,0.07
Brandon Finnegan,10,11,0,31,31,172,7.59,4.4,1.52,0.256,0.77,0.38,0.15,3.98,5.19,4.87,0.3,0.1
Hector Santiago,13,10,0,33,33,182,7.12,3.91,1.63,0.26,0.74,0.34,0.12,4.7,5.31,5.46,0.5,0.08
Jered Weaver,12,12,0,31,31,178,5.21,2.58,1.87,0.301,0.75,0.29,0.13,5.06,5.62,5.64,0,0.08
James Shields,6,19,0,33,33,181.2,6.69,4.06,1.98,0.302,0.73,0.4,0.18,5.85,6.01,5.21,-1.1,0.09
